ID,email,password,Age
Flynn,elit.pretium@hotmail.edu,GWR29DBF3FL,42
Bell,aliquam@protonmail.edu,CCJ33LXC5VT,48
Claire,cum.sociis.natoque@aol.edu,LBH64ZSZ4FT,45
Ramona,nisi.nibh@yahoo.couk,NJF55SGQ3OH,53
Axel,lectus.pede@hotmail.couk,YDW11KPQ3UN,46
Freya,cum.sociis.natoque@protonmail.couk,YBK15BCQ3CE,33
Shellie,vitae@yahoo.org,FVN62JIX1NQ,21
Erasmus,est@aol.com,NNM41ZIV8TM,49
Sigourney,donec.felis.orci@icloud.net,WLF77UNY8HK,24
Cairo,condimentum.donec.at@aol.net,OSJ71RQC6HA,40
Clementine,mauris.elit@google.org,HSX73MFA1IQ,25
Emma,aliquet@aol.couk,QWC67VCR7MC,47
Megan,amet.consectetuer.adipiscing@protonmail.couk,MRW42GCO1FG,38
Hoyt,senectus@hotmail.ca,DTB73PJG7WE,43
Bertha,tempor.erat@hotmail.edu,NKQ51XJB5JQ,22
Rebecca,donec.est.nunc@aol.couk,YDC72HWS9YU,37
Barrett,tortor.integer.aliquam@outlook.net,THU03BKT8KI,52
Sopoline,mauris.erat.eget@google.net,JQJ83FOD8SM,27
Geoffrey,lacinia.orci@outlook.org,ETD34PBT8KK,60
April,egestas@yahoo.com,EXL37XBY9CB,43
Castor,rutrum.justo@hotmail.ca,KBK37RHW8VC,46
Hammett,dis.parturient@aol.edu,IXR20QWV0YI,29
Nigel,nibh.enim.gravida@hotmail.edu,UNG57ULU5KE,61
Victor,egestas.nunc@yahoo.couk,BBQ93ILF3VO,35
Garrison,pretium.aliquet.metus@yahoo.com,WAB04PUV7PU,36
Wayne,donec@hotmail.edu,HMW82XEN2JF,59
Nash,tellus.phasellus@icloud.org,VQJ26FXU6RG,33
Eugenia,est.mauris@hotmail.org,POM79OFT2BH,53
Candace,blandit.enim@protonmail.edu,QUH41GLT6GK,58
Ralph,pharetra@aol.net,RIM32BFH0WM,65
Mariko,tempus.lorem@hotmail.com,JOW86GIX1SI,56
Sopoline,amet@outlook.org,LTK64VQD7LZ,22
Wing,quisque@icloud.com,LBN17FRP5JL,32
Callie,elementum@icloud.edu,JYQ18YAQ3EQ,36
Vielka,quis@icloud.net,GVJ87NTD6HR,63
Graham,ac.libero@hotmail.org,INP33DCH6FO,42
Kamal,aliquam.enim@yahoo.com,IUR72SBT7JU,27
Tanek,massa.lobortis@aol.edu,WMA45IEG4EJ,21
Hiroko,eu.euismod@yahoo.org,ADF06XKW1IP,56
Eliana,orci.donec.nibh@aol.ca,RVX13TOT1LG,20
Reuben,in.lorem.donec@hotmail.ca,EVH21GHK2HE,64
Mufutau,adipiscing.elit@hotmail.couk,MBS08UUC6YY,61
Andrew,interdum.enim@google.ca,ERN13YED3QE,32
Heidi,lacinia.sed@protonmail.net,WRL13KUI4KM,22
Frances,cursus.diam@google.edu,TBR93PLQ6ZF,50
Trevor,molestie.orci@outlook.ca,CNK38WFO3FU,36
Kirby,vel.lectus@google.net,VHI94UEP4YO,21
Len,maecenas@hotmail.couk,YGD78NQV2WO,35
Jack,cum@icloud.net,MMJ89DQN5TG,47
Jolie,dui@yahoo.couk,ILP40BBW2YI,23
Moana,nunc.sed@google.com,FAO48POS5RG,27
Ali,metus@google.couk,ZZH35HBO6VG,64
Phillip,at.augue@hotmail.org,WIO42DVX3LM,65
Coby,nulla.tempor@google.com,QSJ67MUL4RZ,35
Ulysses,duis@icloud.org,LUW51IUO4NJ,43
Joy,nec.mollis.vitae@yahoo.org,AFL22MVS0GY,29
Garrison,faucibus@google.net,YRV23PUN4TW,69
Bradley,semper.tellus.id@protonmail.couk,OIV11MXF1MG,47
Wade,consequat@google.com,RCS35MRP6KO,38
Evangeline,vulputate.velit@outlook.edu,WTS56MIV3UE,56
Yvonne,libero.at@icloud.edu,VEL32TBR7VW,43
Paki,dictum@yahoo.com,BTH15NIJ2BO,68
Cooper,massa@google.org,LFP51QFS7OL,37
Candice,eget.ipsum@hotmail.edu,KQG24ULT1BM,69
Sydnee,ut.eros.non@aol.couk,LTH05DSS9MO,27
Penelope,ipsum.phasellus.vitae@protonmail.ca,SPR11ZIV6IX,62
Yuri,ut.sem@aol.couk,OEF74AVQ6WI,58
Porter,pellentesque@aol.ca,UEZ48FWX8CF,57
Lila,eget.lacus@aol.com,PUW88GNT8SE,46
Benedict,nunc.sed@icloud.net,HTU57DPK4HH,27
Jessamine,urna.convallis@protonmail.edu,HRE81GXM7GX,68
Octavius,ut.sagittis.lobortis@aol.ca,BNH74PVH1VM,59
Lynn,imperdiet@yahoo.edu,KLM92JBH2BN,44
Portia,sed.sapien.nunc@icloud.ca,SLT13MLG1GV,21
Chancellor,odio.a.purus@hotmail.net,NUM53KPJ4CV,69
Linda,magna.sed@google.net,VNO44HJF2DH,58
Zachary,cum@icloud.edu,WTS82YRN5LI,23
Dorothy,consectetuer.cursus.et@aol.ca,KPE12JXW9QI,70
Caleb,cras.interdum@protonmail.couk,MBL61SEO2FX,24
Rigel,aenean.eget@aol.couk,RDE27DNP0WV,25
Nadine,consectetuer.rhoncus@protonmail.com,ACV44QVQ5WJ,45
Sigourney,ligula.aenean@icloud.org,EEZ69UOU5UP,45
Travis,dui.cum@icloud.ca,CXL33ELU5RF,67
Sydney,vitae.nibh@icloud.com,GPD13CDE0KL,53
Kennedy,ut.ipsum@hotmail.edu,OXG77GTF1UP,44
Paki,sapien.molestie.orci@hotmail.net,TPF27NBQ3HG,22
David,duis@outlook.com,USU69EXP1IY,45
Elvis,ultrices.vivamus@aol.edu,QEU79PEX6DZ,51
Bradley,ut.sem.nulla@icloud.edu,NMD17ECE4YD,61
Libby,mauris.eu@outlook.com,AGJ88FDP5RG,21
Hu,vitae.sodales@google.com,GHF61VXX8EK,62
Ivor,tincidunt.pede@protonmail.org,GWE17KCG5QL,26
Serena,cursus.et@aol.edu,THH74VBJ4TW,29
Carla,non.dui@yahoo.org,FGL08IGV0UV,59
Phoebe,primis.in.faucibus@hotmail.com,UJL14CII4SH,64
Gisela,placerat.eget@hotmail.couk,ZCT12UPB5QS,29
Troy,pede.suspendisse.dui@protonmail.edu,TSP34KGT1PB,62
Kiara,nec.tempus@icloud.com,MRG71ECM6YW,30
Sylvester,sit.amet@aol.com,TTX39YUQ5FW,43
Howard,augue.id@outlook.com,OBI97QYA0LL,49
Hasad,donec.consectetuer.mauris@yahoo.couk,GON89TMJ6LP,41
Alan,porta@yahoo.couk,DTJ15VEK8ZQ,41
Nita,egestas.lacinia@google.org,YAU40BVR9SN,33
Mark,sociis@hotmail.edu,FPS68JUC3WV,21
Eugenia,maecenas.libero.est@hotmail.ca,IUU77JEX6KO,43
George,suspendisse.commodo.tincidunt@protonmail.ca,BGB67DDW8AD,28
Evan,dolor@hotmail.ca,NCE52QVD4VN,58
Gloria,adipiscing.elit@yahoo.edu,CPX44RQM1QN,48
Katell,purus@icloud.couk,WEM25RMG4HT,54
Ina,at@protonmail.com,VPN22TJE3LM,59
Colt,nibh.donec@outlook.edu,VTW49PQA8TO,21
Holmes,duis.risus@icloud.com,GYY95FTW1RH,31
Olga,eros.nec@icloud.net,GIT80GGK3BF,39
Fallon,scelerisque.scelerisque@yahoo.com,MNR76URT7VV,36
Sydnee,nec.mauris.blandit@google.net,NTU96TRH7YA,54
Vanna,libero@icloud.edu,COM14HKG3MV,22
Micah,non.enim.mauris@aol.couk,GKD74WRD7RY,62
Dieter,diam@google.com,GJB51VIV5MB,22
Joel,orci.adipiscing.non@aol.couk,RCA73YBS1AS,41
Dennis,consectetuer.ipsum@hotmail.org,XLD47YUA7TR,41
Yeo,sed.consequat@google.couk,WYC86WKP1FA,53
Acton,ullamcorper.velit.in@aol.edu,BSN35YOD7LF,49
Ferris,nulla.cras.eu@google.couk,FWG54KOR6EC,20
Donna,nunc.ut@hotmail.couk,FXU80MPM0VQ,46
Quemby,per.conubia@google.com,ACP33OOR6LC,32
Kasper,commodo.hendrerit.donec@outlook.org,HGY62SQO2IF,40
Melyssa,cras@hotmail.ca,SUB42RWB3OP,66
Xavier,vitae.diam@icloud.couk,XCE44HDS5AT,52
Noble,eleifend.cras@hotmail.couk,RLM85XTH6XO,25
Ralph,quis.arcu@protonmail.couk,KXA17CPW0YT,40
Rhoda,neque.tellus@icloud.edu,EMI01UVN7CT,29
Owen,dis@protonmail.ca,CWS63PKT7QP,30
Brennan,pellentesque.sed@yahoo.com,KNJ68ZFI9JD,65
John,sit@icloud.com,CIV58QFG8GD,28
Rowan,tristique.senectus@protonmail.com,YIN96DIY4JB,50
Erin,sit.amet@icloud.com,FGM07YZW8FO,68
Tanisha,et@yahoo.edu,HCR85FXE6KC,58
Uriel,nunc.mauris@aol.org,CUO02JUM0BO,53
Ruth,risus.a.ultricies@outlook.org,CVE88SLR3CP,65
Nomlanga,faucibus.lectus@icloud.ca,ZUQ23OXK6MI,45
Marny,feugiat.nec@protonmail.com,LFK75PLR8DI,62
Demetria,in@yahoo.com,ZLS05MSL4OY,35
Hollee,diam.nunc@hotmail.ca,ELR14KFS9IC,34
Dylan,porttitor.tellus@icloud.com,SHO80GQU4UR,43
Irma,adipiscing.mauris@hotmail.net,CEC14VGN5SL,20
Damon,mus@protonmail.edu,RHB74FVC5PS,24
Ezekiel,faucibus.orci.luctus@yahoo.net,JYW33NFF2UY,48
Reese,sagittis.placerat.cras@yahoo.net,UYH02BUJ1PA,67
George,lacus.aliquam.rutrum@yahoo.edu,FXC34YPD4QZ,33
Colby,cras.vehicula.aliquet@protonmail.net,EXE23GWI1MB,21
Lee,adipiscing@hotmail.com,KKQ07IEL4JU,40
Cherokee,luctus@outlook.couk,UGB26IOC8CM,68
Sharon,scelerisque.scelerisque@icloud.ca,CEK07OQS5NK,61
Irma,sit@aol.net,YWY47CRF8IE,47
Gail,luctus.felis@hotmail.ca,ITZ06WRC6BO,44
Brett,ac.arcu@aol.ca,RJV78ZHH3XW,67
Abraham,donec@aol.com,MJG25JYU9CG,68
Karly,nec@yahoo.com,JSU61FYE4MR,45
Aladdin,euismod.urna.nullam@protonmail.edu,ODE26WUH7CH,31
Geoffrey,tincidunt.pede@protonmail.org,HCS94FRM5LF,54
Felicia,facilisis.magna@aol.com,OBU04FBV5UC,38
Reagan,ligula.aliquam.erat@hotmail.com,GBU19QHR5WC,33
Bree,curabitur.ut@aol.org,YBU38KGF7YO,29
Tad,amet.consectetuer.adipiscing@outlook.edu,YHU21WJN3QE,46
Lavinia,neque@google.edu,UMN40PBC3KF,54
Joshua,magna.tellus@outlook.com,KJO91QKW0WT,57
Troy,mollis.lectus.pede@google.couk,XPP64LQE3FS,39
Michael,mus.aenean@google.ca,KBQ03BJH4FH,51
Cooper,dui@icloud.net,YHJ41HPT5DV,66
Chiquita,molestie.dapibus@google.ca,LLM10HCR7RC,45
Tucker,nunc.pulvinar.arcu@yahoo.edu,MCL01UBP8CH,47
Indigo,ante@yahoo.net,DBK45MVF5CS,31
Danielle,phasellus@aol.ca,QWC35MML5GX,51
Aiko,curae@protonmail.com,BLV53PIO4XI,65
Katell,mi.felis@aol.com,LBO80VJT3VE,68
Wylie,justo@hotmail.org,LVF51ICE5YW,58
Ross,donec.porttitor.tellus@google.ca,FBD66HVW4BT,36
Breanna,nulla.facilisi@icloud.ca,ZTE78TCW7MW,31
Todd,convallis.convallis@aol.ca,UKB02PWF6FR,36
Deirdre,tempor.est.ac@google.com,VXG24BBZ4CR,32
Phelan,laoreet.posuere@outlook.org,AQT84VNB6ND,49
Latifah,libero.nec@aol.couk,WBZ41VUF5WD,63
Lacy,molestie.pharetra@icloud.net,BKH26VLU5TS,61
September,mus.aenean@aol.couk,TWJ87KEV8MK,50
Oleg,dapibus.quam@yahoo.com,GUZ64LVP1KD,44
Anika,in.tempus.eu@aol.net,THQ71WTX6AN,69
Craig,ridiculus@icloud.com,TFM55UJO1CM,47
Yuli,dolor.quam@google.edu,HPK39DSV3BU,34
Nigel,malesuada.vel.convallis@aol.ca,JVO80SIE0GO,23
Tanya,nibh.aliquam@protonmail.couk,PLD43RWT2MS,58
Jameson,sed.neque@outlook.edu,MPC44USY1CT,46
Igor,nam.tempor@icloud.org,IUY56UGN1CI,45
Wallace,imperdiet.dictum.magna@icloud.com,KIC44KTN8ID,32
Maya,tempor@hotmail.couk,ARJ13WIC5TF,63
Zorita,pellentesque.habitant@outlook.org,YQT14EFW9FY,56
Macy,sem.egestas@aol.edu,QIA03LJW9TO,67
Adele,vulputate.ullamcorper.magna@protonmail.ca,YCL49OPS3MH,37
Rhoda,sed@icloud.net,LLE01OXE3SI,25
Adria,risus.nunc@icloud.net,BUM65BLM8YD,39
Desiree,at.sem.molestie@protonmail.couk,HWJ83PSK1WX,23
Hashim,cras.eu@icloud.couk,LNT86VEY9GO,50
Gay,in.faucibus.orci@hotmail.couk,YTN44QDE2YK,40
Yen,duis@outlook.edu,KDF27SIR3QN,59
Fuller,sed@icloud.org,IXP78DMX1BH,22
Jerry,ornare.sagittis.felis@outlook.couk,MHP67UPT3RO,55
Irene,luctus@protonmail.net,YMM57ULC8FI,66
Ciaran,sapien.cras@outlook.ca,SEN66GBV4YQ,43
Leandra,amet@google.org,RHZ83AWI2RX,35
Ciara,integer.in@yahoo.couk,CDR44QZL7CF,55
Faith,mauris.eu@outlook.org,ULD84QHT7UN,29
Richard,eu@yahoo.org,NBO54XLL7QY,23
Clarke,commodo.tincidunt@yahoo.com,EQW52QLN1JJ,47
Hammett,vehicula@outlook.com,PFI55WEZ4KD,54
Barrett,ornare.sagittis.felis@icloud.ca,QBQ22DBU6SR,26
Galena,lectus.sit@outlook.org,TGG51EUW5EF,39
Slade,lorem.ipsum@protonmail.org,HFE45GKS9KF,44
Kelly,tristique@protonmail.org,PFN88FLC1NM,48
Evan,lorem.vehicula@hotmail.couk,NNS96PNX8CD,43
Macaulay,adipiscing.non.luctus@aol.edu,OVH47GXC2BU,41
Ignacia,nonummy@hotmail.edu,SJF13NSG2FL,26
Georgia,magna.malesuada.vel@protonmail.couk,KDG73EKU3SI,41
Camille,nascetur@protonmail.com,YRZ83TFE5VP,63
Pandora,dolor.tempus@outlook.net,WUA62WCL2WB,39
Rafael,quam.pellentesque.habitant@icloud.couk,QBG38IWP5NX,62
Madison,dui@hotmail.ca,GYQ20EIL7OH,22
Hasad,tristique.ac@yahoo.couk,DFW61XHQ8ND,22
Ulla,phasellus.dolor.elit@aol.org,XIX65IID3FN,29
Kyle,consequat@outlook.org,INW23KSI9WE,38
Marshall,leo.cras.vehicula@icloud.edu,GIW79NXH6UJ,62
Karina,mauris.eu@yahoo.org,OBQ67XDS4UJ,60
Cody,nulla.cras.eu@yahoo.couk,DVH93PDG7ES,41
Noah,ac@google.com,KMW57LXQ3XH,56
William,semper.auctor@hotmail.com,LWZ76LYH7ZK,25
Madonna,nunc.quis.arcu@google.edu,HGE95RXL0YV,21
Brynn,primis.in@icloud.ca,GBA17HKC3NS,47
Lesley,ante@aol.com,LWE88KBY3CJ,69
Buckminster,diam.luctus@aol.edu,ITE52XRI5BH,51
Honorato,condimentum.eget@protonmail.ca,XDS47QJD3GO,31
Cain,orci.sem.eget@yahoo.net,SIW23JMF3WL,66
Fallon,arcu.ac@yahoo.org,ZVT58SPC3MC,35
Ishmael,eleifend.vitae@hotmail.com,AOP87FMB2JI,39
Abbot,facilisis.vitae.orci@protonmail.edu,DCH38DVN2EO,60
Lester,donec.non.justo@icloud.org,UJL21FUO4YM,60
Burke,egestas.nunc@outlook.ca,WBD75OSB2FV,23
Baxter,dictum.proin@outlook.edu,DWJ81JVN6NL,34
Deborah,aliquet.phasellus@aol.org,AWV68ASD9KS,62
Abra,et@hotmail.com,GQM38QRC9LY,55
Keelie,sed@protonmail.edu,KXU05FJJ5EN,45
Wynne,ipsum.donec.sollicitudin@yahoo.ca,WUC47DJH2WK,32
Ingrid,non.arcu@aol.edu,VOP62ASD6TQ,50
Juliet,lorem.ac@outlook.couk,ICJ01RHB1ZI,57
Barbara,ac.feugiat@outlook.couk,FOG24PFP2SB,47
Inga,egestas.sed@icloud.edu,HLQ23SXC2WO,38
Felix,phasellus.dapibus.quam@yahoo.com,BNM21IBT8IF,33
Reuben,quam.dignissim.pharetra@yahoo.net,LAK93HBI8EJ,26
Wyoming,eget.laoreet@outlook.org,AXQ35NMM3TJ,27
Evan,nisl.nulla@aol.edu,MFS82FWJ8ML,49
Vanna,sapien.aenean.massa@google.org,LNY44NCI9AT,61
Athena,eu.euismod@aol.ca,KWV71FBE9LS,67
Rebecca,a.feugiat.tellus@protonmail.com,EEM56PSN1VG,57
Mia,vitae.erat@yahoo.net,WTK10KZP3ZA,55
Daryl,velit.sed@hotmail.net,OYO28IHT9OS,44
Buckminster,phasellus@hotmail.org,UPO15CTP7QU,55
Kirsten,volutpat.nulla.dignissim@aol.com,JGM46ETS3ZM,35
Carolyn,nunc@icloud.org,CJI44KII0WS,37
Bernard,bibendum.sed@hotmail.ca,UTW92ULO3RG,54
Solomon,condimentum@yahoo.org,DWT07PVC1QZ,69
Ryan,curae.phasellus.ornare@google.edu,UIU10HNV6YI,66
Basia,varius.et.euismod@yahoo.com,PNL34WQS2PP,44
Anthony,quis.pede@google.org,FTY19WLK2RS,40
Juliet,iaculis.lacus@yahoo.edu,ZPE57JDG0WP,21
Emily,egestas.lacinia@protonmail.couk,IPY11NNJ8YN,51
Darrel,amet@google.couk,TCN69SWY2CB,31
Cooper,nibh.dolor@protonmail.net,FAH31SXB0OT,21
Clinton,vivamus.nisi.mauris@hotmail.net,TRM28UKL9VY,49
Mona,mus@yahoo.net,CDX44PLV3KJ,46
Kyle,cursus.non@hotmail.com,VZG38TSA2TC,43
Kibo,ullamcorper.duis@hotmail.edu,HXY26JVS4EN,59
Ralph,vel@protonmail.edu,ATC94RUQ2OG,43
Mira,morbi.non.sapien@icloud.net,IWH52XGW8IO,65
Bruno,elit.curabitur@google.edu,GHM61GQF6CF,62
Wesley,sed.tortor@yahoo.com,JRK44RUQ1ON,56
Oscar,sem@protonmail.org,YWI46KUB5AU,69
Nash,sit.amet@yahoo.ca,TCV35IUG7MF,21
Mason,dui@google.edu,BZX32NKO5JG,37
Joel,aenean.euismod.mauris@icloud.com,GQS84WOT8YO,39
Oscar,nunc.ullamcorper@hotmail.com,YQL17OQI2MR,67
Alexander,orci@protonmail.net,GWF71HQS8RT,46
Jessamine,integer@aol.couk,WFD37SQS9XZ,62
Wyatt,cras.vehicula@google.couk,NYL24FIR3HB,60
Cailin,eu.nibh@protonmail.couk,FWO15XNC4IX,25
Cullen,tellus@aol.com,KOM67EBG4TP,57
Cherokee,et.euismod.et@google.org,LDJ63HPD5LX,43
Luke,dolor@google.org,NIR10OQS9JQ,45
Brock,nec.mollis@yahoo.ca,YZX30WSF5QL,69
Madeson,iaculis.nec@outlook.edu,YUL31OCE1DG,56
Ashely,mi.lacinia@aol.ca,JWW93XQS0CN,21
Xandra,lectus.nullam@hotmail.ca,PHW60LKB1WF,66
Russell,non.arcu.vivamus@yahoo.ca,QSC50RGB5MI,63
Karyn,turpis.vitae.purus@outlook.org,EGQ96HQE9IN,24
Herrod,vestibulum.nec@outlook.org,DGM88WIQ5KG,61
Drake,non.magna@aol.net,NRF44WWS5LC,48
Ayanna,tincidunt.congue@outlook.com,ZDF15ETK6US,45
Anika,neque@protonmail.ca,BCP93GUG8DR,54
Elizabeth,a.malesuada@google.com,RHY73YBC3JO,20
Bruno,egestas.fusce@hotmail.net,RFX57CDC0ND,65
Louis,vestibulum.mauris@outlook.net,FSR87XNM9GE,31
Ryan,et.magnis@hotmail.org,SVN22NHT1RC,40
Vincent,at.sem@protonmail.net,HBJ15GQP9HR,27
Jamal,erat.eget.tincidunt@google.net,IEF78ZJQ3RJ,44
Thane,habitant.morbi.tristique@outlook.org,UGW33JHW8YA,48
Zena,ultrices.mauris@protonmail.org,BYG27FYG1OX,30
Christopher,mauris.blandit@icloud.com,MIX37XUY7WW,32
Jeanette,phasellus.dapibus.quam@yahoo.org,IMT05MCE3PA,28
Thor,mattis.velit@aol.ca,MJN86DMN7FI,31
Kiara,aliquam.ultrices@aol.org,ITU14QNO8SF,29
Sonya,velit.eget.laoreet@aol.com,BBF09WKJ1VN,54
Cadman,convallis.dolor@aol.edu,NRV76WYY8ZF,52
Harper,ridiculus.mus.proin@google.org,MRA62JWU1QM,58
Adrian,tellus.justo@yahoo.couk,UGC31QYX4YH,29
Bevis,lectus.cum@yahoo.edu,PPR31SKF8CU,33
Naomi,pharetra@outlook.net,WYL07UST5XL,50
Anika,consequat.purus@icloud.edu,BDM92DMW5CH,26
Myles,quam.a.felis@aol.ca,BOK60OQZ4VV,49
Cassidy,mi.tempor@hotmail.ca,CJN66VEH3NG,21
Dolan,sollicitudin.commodo.ipsum@yahoo.net,WVD62RWF7YP,55
Brenda,mattis.ornare@protonmail.org,GLU75OXZ7BO,25
Rhonda,donec.luctus@icloud.ca,EIO65LNF3BJ,28
Barry,vivamus.euismod@protonmail.org,BZY81KTX7KD,43
Brandon,sed@aol.couk,BEB24CWJ6DM,39
Carson,sapien.gravida.non@google.com,EUL31QEE2ZG,22
Steven,vivamus@hotmail.edu,DEU47PNQ3TC,63
Zachary,vestibulum@hotmail.org,CYE55HXX2YL,26
Hermione,vehicula@aol.couk,SQD45LGB8PT,63
Adrian,elementum.dui.quis@google.net,JCD82CES4KF,40
Kennan,elementum.dui@hotmail.edu,JLX59OVO0SE,70
Madison,aliquet.odio.etiam@icloud.couk,UCJ10LLH0QV,49
Cooper,cras.convallis@outlook.couk,FMN63JGL6UB,34
Olga,lorem.ut@outlook.net,FMA86KHS1YT,63
Clementine,erat.volutpat.nulla@hotmail.ca,DJY26SAJ5PP,50
Walter,lorem.donec.elementum@hotmail.com,QAB38MFD8DP,61
Bruce,odio.aliquam.vulputate@google.ca,DVT76TLJ4OI,55
Fiona,in.hendrerit@protonmail.com,JPM19UVV2RD,24
Dante,tellus.non@yahoo.ca,KVE92SXT3UO,42
Xandra,lobortis@icloud.net,WYG82PUI3CV,57
Zena,non.justo.proin@yahoo.com,VYP62YQB8PW,26
Isabelle,elementum.dui@icloud.edu,QSF35RYO1RK,38
Evan,dictum@aol.org,RWY18USB1IO,66
Abra,nunc.interdum@yahoo.couk,FIC46NFH1PL,34
Nash,nunc@google.net,URT38JOX9YZ,26
Maxine,orci.lacus@hotmail.org,LAN48WSY6WK,49
Jesse,eros.nec.tellus@hotmail.couk,UAC11BGK2SC,38
Julian,dictum.augue.malesuada@aol.com,UNU63GZL4FF,61
Zane,arcu.imperdiet.ullamcorper@google.com,HDL58YPB9VO,28
Elizabeth,mauris.molestie.pharetra@yahoo.net,GGD52JOW8OA,55
Winter,neque.vitae@yahoo.com,PQL10DVH1XH,56
Richard,enim.mauris@yahoo.org,KDM92JWH6KV,45
Bradley,nunc@yahoo.couk,NBC63CTN7YE,30
Chaim,dolor.tempus@icloud.couk,HCH57MRW8UO,56
Liberty,sapien.nunc.pulvinar@outlook.ca,WVN87OFB7RK,42
Malik,neque.non.quam@yahoo.ca,LZQ70IZF9XC,22
Hammett,facilisis.facilisis@outlook.ca,HEF00GXA1LY,28
Matthew,vel.vulputate@protonmail.couk,MUO98XYL5IX,55
Karina,dignissim.tempor@icloud.ca,WGD44MNG2FM,66
Wendy,rutrum.justo@aol.org,KJH68CLH5ME,34
Yen,erat@aol.couk,OGF69PHG8LO,49
Chadwick,ultricies.sem.magna@yahoo.org,ICG75JWV2VF,58
Maryam,duis.sit.amet@google.org,LBR11CUI7BI,51
Quentin,etiam.ligula@protonmail.com,IWK69AUE5BS,34
Kai,magna@yahoo.couk,BGC58DHI5OR,53
Price,amet.ultricies@outlook.edu,OIG18VIV7IC,54
Germane,risus@outlook.ca,BDQ06XQT5DS,67
Jordan,amet.ultricies@yahoo.couk,PCC24QQU5BQ,25
Otto,diam.pellentesque@outlook.com,OVY36JST7BI,55
Giselle,litora.torquent@google.com,QBF40PEN8FQ,52
Rhiannon,nunc.mauris@icloud.couk,IXN26VLG1YT,28
Baxter,quam@yahoo.org,QFW43PSY3DA,64
Lois,mauris.magna.duis@protonmail.org,IHS38RPP1PX,30
Aaron,diam.eu@aol.com,OYF13MHM7RQ,66
Salvador,purus.maecenas@aol.ca,VRM01EYB6BO,50
Jin,nullam.vitae@google.couk,LJH41JWJ0SC,21
Troy,leo@protonmail.ca,KOZ89EJD1WC,58
Ingrid,nibh.sit.amet@icloud.ca,EQT72CLI2IC,52
Karleigh,venenatis@aol.ca,QNO20KWO4AT,34
Graham,mattis@icloud.org,TTK72DMG3RN,51
Ahmed,est.nunc@hotmail.edu,YCB28MIV2AD,58
Anjolie,elementum@hotmail.couk,EFU57PMZ7WA,50
Alvin,donec.luctus@outlook.net,DPL91SRT8KP,44
Kenneth,in.molestie@yahoo.org,BTJ22UVE1OJ,45
Gray,tellus.suspendisse.sed@protonmail.net,NHJ84GRT1UG,64
Patrick,euismod@google.com,LYG26NNP8LP,48
Gil,sed.pede@yahoo.com,QKM53CWL3MZ,60
Chloe,eu@hotmail.org,OXN78IDU8OK,62
Colt,ornare.lectus@hotmail.couk,FCW19ITT2KR,28
Jason,porta.elit.a@aol.net,KMY42QLN9HC,21
Lesley,risus@hotmail.ca,OJX31JDQ6CC,26
Sacha,ridiculus.mus@hotmail.couk,KAK95JWK4LG,41
Devin,et.magnis.dis@icloud.com,HBW66CKF2QL,52
Lani,non.sapien@hotmail.net,DQE25NUO3BT,40
Reece,duis.at@hotmail.org,CAI47FCE2FG,24
Indira,condimentum.eget@outlook.ca,SVM92JCR6IW,37
Mercedes,mauris.ut.quam@hotmail.edu,RPR20IHG3UJ,53
Sopoline,dictum.phasellus@yahoo.couk,UGS61HEX6XY,40
Benjamin,parturient.montes@protonmail.com,HXB20KZU6CI,66
August,ornare.placerat.orci@outlook.org,VDH15NSL2BK,26
Alexis,at@yahoo.couk,TPE32CCZ8YI,66
Chancellor,a.purus.duis@icloud.ca,XKN93UGW2PD,59
Griffith,aliquam.erat@yahoo.com,POM82TVJ4JX,55
Lunea,a.facilisis@hotmail.ca,SZK30THM7GK,34
Brenden,lorem.ut@google.edu,YDU37RMJ2RQ,50
Risa,et@google.couk,BYX37BUF7VB,35
Uriah,blandit.congue.in@protonmail.couk,PBY74DGH8HH,37
Daria,interdum@hotmail.ca,XQO76EIJ4BL,33
Sara,arcu.curabitur.ut@outlook.org,AUX60ORZ8ST,46
Miranda,cursus.et.magna@icloud.com,SGF22HWK8FV,37
Imogene,sit@protonmail.com,LED54EJI0HH,23
Melissa,etiam.bibendum@icloud.edu,XPS16OVP4VD,61
Montana,neque@icloud.com,QEZ77IXN2RR,23
Brady,elit.erat@aol.couk,VWX70FJB4RJ,53
Felix,donec.vitae.erat@protonmail.net,JJF88SCD7LV,47
Berk,netus@icloud.ca,TNK77BPM5RY,69
Slade,purus.ac.tellus@protonmail.com,ILO85WMK6WK,29
Harrison,molestie.tortor@google.edu,GGW06MXT7IV,55
Graiden,eleifend.nec@outlook.com,QUJ18PWD8WR,39
Daria,dui.in.sodales@protonmail.edu,SBY15FUA4SO,63
Myles,imperdiet.ullamcorper@google.org,PGK57FXQ3JR,43
Martin,arcu.eu@outlook.edu,SKJ53QZO6UA,31
Hamilton,ac.sem@outlook.com,PXM18NPY4VL,21
Kyra,feugiat.sed@icloud.com,PYP27ILI3DV,67
Jenna,purus.accumsan@google.edu,BIT17EVW4MK,40
Anastasia,ligula.aliquam.erat@google.couk,YRU05WCX9KP,38
Octavius,a.neque@yahoo.com,OCG38RCZ4WR,23
Philip,molestie.in@icloud.ca,SVU13YNG1HR,37
Asher,sed.pharetra@google.ca,HUE25KZW3JX,24
Baker,fringilla.donec.feugiat@protonmail.edu,OFU72BBU6BB,59
Suki,arcu.morbi.sit@google.net,PVJ68LFC5CA,48
Charlotte,lobortis@google.org,MPD36WPK7OU,23
Seth,varius@google.com,GXO87MNM8NW,54
Conan,vulputate.velit@yahoo.ca,ODT26JYJ1EU,61
Irma,felis@aol.com,HCU32DFN3EZ,39
Paula,mattis@protonmail.org,UON88RSI6LB,69
Arsenio,cursus.et@protonmail.org,FYM45GQC0RZ,56
Macy,metus.vitae@yahoo.net,QTI97JVI1ET,68
MacKensie,augue.ut@google.net,YIY23DRR3ME,30
Barclay,tristique.senectus@aol.couk,WQE53HOT6BK,58
Urielle,magnis.dis@outlook.ca,HZC76HVB5FD,54
Caesar,nibh.donec.est@icloud.ca,RED83SEO1LO,57
Lester,pede@google.ca,VIH13CWN1SN,40
Maite,sociis.natoque@aol.couk,FCR55KFC8UL,33
Buckminster,montes.nascetur@protonmail.ca,LRB11NYK4EN,51
Paula,non.sapien@aol.ca,OJK98DMO9NZ,67
Lenore,lacus.ut.nec@icloud.com,TON58RKP8TT,40
Quon,mauris.rhoncus@outlook.couk,NGK78WDR5SG,69
Myles,arcu@yahoo.edu,HCH97KPK6KX,40
Sade,imperdiet.dictum.magna@yahoo.org,ZJV85SEB8OV,41
Elijah,cubilia.curae@aol.ca,CBB72HEV7GC,51
Colton,mi@aol.net,EQI27BDY8VP,21
Anthony,ut.molestie.in@hotmail.couk,CWY12GDZ2QJ,23
Beau,ridiculus.mus.proin@protonmail.org,DCN11RBY3DW,39
Holmes,dis@icloud.com,VTX51WGA2WD,38
Lavinia,ipsum.dolor@yahoo.net,CDX20WXF7MZ,22
Adrienne,scelerisque.neque.nullam@aol.org,PCE22CLB7MR,24
Edan,pellentesque.massa@protonmail.couk,OIR55VVP6AD,61
Latifah,ut.nec.urna@protonmail.net,PPO49XGH9YX,40
Brenda,metus.sit@outlook.com,OLI67DKP8WQ,34
Zoe,magna.et@google.com,QRY22PMR9VV,62
Ralph,aenean.eget@google.net,LWP32YDI2EZ,42
Reece,feugiat.sed@outlook.edu,MEQ53KAN6TS,20
Maisie,lacus.cras@icloud.couk,QZM74YOB5KO,61
Ciaran,euismod.enim@hotmail.net,UJK66YIF1PR,35
Lynn,nostra.per@google.net,GMY98GJO9NE,40
Xaviera,sapien.nunc@yahoo.couk,EVY06IPW3JW,37
Amir,sed.hendrerit.a@icloud.edu,CPM13LWO2YU,31
Mari,tincidunt.pede@protonmail.edu,CXB49WDH4XY,45
Clementine,in.aliquet.lobortis@hotmail.org,KVR81DXB0SG,53
Mallory,metus.vitae.velit@yahoo.edu,ECK71XNY6SW,52
Lael,ipsum@hotmail.com,JMR41FDO2CM,34
Nina,euismod.urna@yahoo.net,EKM76USC8JB,46
Wynter,faucibus.orci@icloud.edu,BEY13HSV5SS,64
Kibo,non@yahoo.net,RPT45EII8YV,53
Hermione,ligula@aol.com,JZK51ATQ8NI,41
Kareem,interdum.ligula@hotmail.com,TJY16SDF3XX,46
Wayne,libero.proin@protonmail.edu,CQF78LIV1PQ,70
Penelope,malesuada.integer@outlook.ca,KRD26BXU0RJ,37
Hakeem,aliquam.eu@icloud.org,KWH64HBM5QA,33
Paula,ipsum.suspendisse.non@yahoo.net,DBV87IPX3DK,22
Jaden,etiam.ligula.tortor@outlook.org,LYE87ETF2GK,28
Adara,cras.vehicula.aliquet@aol.couk,HPP42UMU7VJ,42
Quail,sed.leo@hotmail.ca,WEX55FML6HP,44
Thor,rutrum.justo.praesent@icloud.net,QRC94XMI5OY,40
Demetria,sollicitudin@hotmail.org,PKJ09KQB2QJ,55
Yeo,bibendum.ullamcorper@aol.couk,XPH53PPS7QE,60
Jesse,gravida.nunc@icloud.edu,DKN58UHF3QS,58
Gary,et.malesuada@outlook.org,XWD48RBR9OJ,29
Nita,tristique.aliquet@icloud.edu,IVA42XSU1IQ,56
Ivor,magna.et@outlook.couk,PPX13XUD5MM,45
Chantale,commodo.tincidunt.nibh@aol.couk,JJD95ADD8UI,34
Cassady,donec.egestas@protonmail.edu,SXU67RIX5MN,49
Tucker,eu.erat@icloud.org,QZS42GJE0MF,22
Lionel,pede.nec@outlook.ca,YIM85INN3MH,42
Paki,ridiculus@google.ca,PKS72OFP7ED,66
Griffin,purus.mauris@google.org,EBK12GIW0CX,34
Perry,nullam.feugiat@google.net,UEU73QYS2QH,56
Jena,curabitur.dictum@yahoo.ca,DMD44QTV4OE,35
Ronan,laoreet.posuere@aol.edu,JET91BRY4BU,27
Rana,urna.suscipit.nonummy@protonmail.com,VBV38QBP1CQ,42
Inez,montes.nascetur@aol.edu,BRP67UKT5GM,25
Karina,dui.cum@aol.couk,UQM63KCK8WK,32
Eric,amet.faucibus@hotmail.edu,XZD70CNI5KI,21
Yvonne,lacus.etiam.bibendum@hotmail.com,QMH28UTO7TH,26
Priscilla,elit.aliquam@outlook.edu,TXX16DDH8DN,53
Vivian,tellus.non.magna@hotmail.couk,XZU38FJA8XD,29
Zenaida,risus.nunc.ac@google.edu,LAT37LTC8HV,33
Shelly,tempor.augue@aol.couk,FDB88OFO2BU,37
Tamara,accumsan.interdum.libero@hotmail.net,UGG03XUR0GE,30
Nathaniel,nisl.arcu@google.ca,EYX24HXY6NQ,69
Meredith,at.pretium.aliquet@icloud.net,CPO31FWN5HT,39
Sawyer,imperdiet@aol.couk,XNU45EDC6HG,54
Aaron,dictum.sapien.aenean@outlook.org,DJQ70TQI5WV,23
Ahmed,id@protonmail.ca,CMA61XVA2VD,22
Duncan,dolor.nonummy@protonmail.com,POE30WKL7OL,44
Zorita,neque@protonmail.ca,OYB87SMA4BM,67
Catherine,ligula@hotmail.couk,ULE80BOV7VG,36
Alfreda,quis.massa@outlook.net,ZQJ45BWT1PM,48
Henry,aliquam@icloud.ca,NWM78UYK2UX,39
Gannon,dis.parturient@protonmail.ca,DIY75LJV7QE,27
Wynne,sed.malesuada@google.couk,PLO58TUW2NC,48
Yoko,condimentum.donec@outlook.org,MQQ52TQK3DL,56
Deborah,ullamcorper.velit.in@hotmail.net,VVF44SIG4GG,26
Courtney,ut@google.com,QUT54CCW8NU,26
Magee,aliquet.vel@outlook.net,XOG97BMD5FI,46
Isabella,felis@google.ca,RMW69ORC1JJ,22
Amir,faucibus.orci.luctus@protonmail.couk,VAW19VLW3RG,55
Christian,posuere.enim@outlook.com,WGL70CQU7DV,49
Simone,tempus@icloud.com,MMI21GNT7FN,21
Chiquita,semper.egestas@outlook.couk,SAF01CQQ6HD,54
Quentin,felis.purus@google.ca,LNV34HDN5GJ,30
Mariko,eget@hotmail.ca,GSN18BQD0VF,65
Miranda,in.sodales@protonmail.com,ESW12GBD4EQ,54
Eagan,purus.maecenas@aol.org,FPL95MUL3BE,58
Clare,nunc@aol.com,NWO35STC6JN,34
Martha,nunc.mauris@google.ca,BKQ46BYR6EK,26
Luke,sem@outlook.org,NRG84YVH3TS,42
Maxine,eu.placerat@hotmail.org,SPI67YIS5LC,30
Nita,lobortis.class@outlook.net,YTV79CZT8KJ,60
Ivor,vivamus.non@google.edu,OYF43LYL5ME,26
Aquila,vitae.dolor.donec@hotmail.couk,TYW67HUL5RX,52
Xyla,amet.faucibus@protonmail.couk,QSY88VLV3IH,45
Roanna,sed.orci.lobortis@icloud.org,XJH31OWB7CC,66
Daquan,ridiculus@yahoo.ca,XRF58USG3QY,49
Christine,mi@outlook.org,QOG45QRG1JD,68
Len,aliquam.gravida.mauris@icloud.com,KJD20UOM6DR,67
Benjamin,eu.odio.phasellus@aol.ca,JSU27MMV1TX,21
Ray,nibh.dolor.nonummy@icloud.net,EEY40UYU0CX,66
Nathaniel,libero.morbi.accumsan@protonmail.net,TMQ61CFK0MP,25
Maxwell,semper@outlook.ca,KRS41QRQ6JI,54
Patrick,nunc.mauris@yahoo.com,JKA54GZN3NP,47
Alexander,dui.in.sodales@icloud.net,JXJ72NNP3HD,38
Odette,vel.lectus@yahoo.ca,MWI86JLO7JU,56
Giselle,sodales.at@aol.org,GEI74TYO2WM,66
Hayes,consectetuer.adipiscing@google.org,FKL25JMG1KO,28
Jacob,in@icloud.ca,CBJ97TCS4DE,59
Gavin,adipiscing.elit@protonmail.com,BHL03UQU7UT,21
Mason,elit@hotmail.com,IEC47UOF6VC,33
Dawn,faucibus@aol.org,PWL77CUL3DX,40
Drew,malesuada.fames.ac@yahoo.org,KHN78KSC1VC,68
Brent,id.erat.etiam@yahoo.edu,GVT53KUJ0GS,36
Neve,integer.vulputate@hotmail.com,SNM64WUU4JP,29
Jena,neque.pellentesque@outlook.com,BYM26BXV7RU,62
Sonia,interdum.nunc@aol.org,HFF12LWJ0GG,37
Yuli,pharetra@hotmail.edu,CXX67BTO4IL,37
Jescie,duis.sit.amet@outlook.org,UWA75TSK2VW,44
Odessa,eu@aol.net,QDT65YEU2TE,23
Guy,diam.pellentesque@hotmail.edu,TWC34EDJ3UG,48
Ezra,quisque@protonmail.org,MXM41QPR8BT,59
Madeline,commodo@aol.ca,QBP71BXM0NF,45
Maxwell,sit.amet@icloud.edu,HER71SKI5FH,64
Risa,tincidunt.orci@google.com,NBZ46DHW2NZ,35
Sacha,mauris.ipsum@protonmail.edu,MSL39LUI6SB,35
Zahir,vulputate.ullamcorper@icloud.com,STY18NIZ8TK,26
Aquila,nunc@hotmail.org,MLP62IRA3WL,53
Dai,suscipit.nonummy@yahoo.org,JYB52JYB7QP,60
Eliana,lectus@protonmail.edu,LXI62SMC2WR,54
Velma,sagittis.semper@yahoo.net,SRC29QFV2CS,25
Lance,sem@aol.ca,SGY88FHS8JJ,28
Celeste,risus.nunc.ac@google.net,LIM48BGP6EB,26
Christopher,orci.adipiscing@yahoo.org,IJY20YON1DK,38
Raphael,erat.etiam@yahoo.ca,TSS76GMN1JE,41
Arthur,nec.mauris@aol.org,DSI72GJT4ZN,69
Vincent,duis.gravida@protonmail.couk,BNR29JOE5XG,51
Rebecca,integer.mollis@aol.com,AOM74QNP8BR,45
Barrett,nunc.pulvinar@hotmail.edu,PUH23VIA4WT,35
Dalton,nunc@yahoo.ca,MTM24XLG5WO,54
Ori,tortor.integer@yahoo.net,OMS81MHI5OG,22
Karly,eu.odio@protonmail.org,RKR57SGJ1HY,40
Remedios,fringilla.est@protonmail.org,QRK73CJR4RJ,22
Oprah,metus@google.org,RSM54XHC8NI,50
Carl,mauris.molestie@yahoo.org,MPF89DEC2KR,23
Caryn,nunc.sollicitudin@icloud.net,XXX02EBT3EO,51
Garrett,torquent.per@yahoo.com,WGK62TID4TO,50
Marcia,sed.nulla@aol.couk,FBK18BHS0UU,43
Nathan,eu@outlook.edu,DVV30VZR5IR,69
Ebony,mus@aol.edu,NND37RTD2SA,64
Dante,orci@outlook.com,EKE76QQA4YX,44
Ginger,augue.id.ante@yahoo.com,EYY19ETV3DJ,53
Janna,pede.ultrices.a@hotmail.edu,TQP18KGK4EH,67
Beatrice,dapibus.quam.quis@google.ca,TTF08PGS1DN,45
Len,ante@icloud.couk,WYO13DUR1CK,49
Deborah,nulla@aol.net,YIO74ZSC5LB,54
Lev,phasellus.in@icloud.org,FYV25RYH2DQ,54
Haley,posuere.cubilia@protonmail.couk,RYZ60EFA3MI,64
Rose,dolor.donec@aol.ca,KFS51TGU2IQ,66
Colby,non@aol.edu,PPG65UXW2MJ,37
Daniel,etiam.ligula.tortor@protonmail.ca,NBG84HOZ8BP,44
Zachery,velit.sed@google.net,OFU72CDY2GO,55
Brennan,libero@outlook.org,OPE95YLW5ND,29
Charles,faucibus@yahoo.ca,NLF66FDZ2UI,68
Joel,aliquam@outlook.ca,PQF90SLL6FH,29
Ivor,adipiscing@aol.couk,SLC33MJE3EW,24
Sage,elit.sed.consequat@google.edu,CQX29MDG7QH,26
Jayme,luctus.et@yahoo.ca,ACE34NKQ9VK,33
Damon,augue.ut@outlook.net,FDD73VNO2OT,24
Marsden,rhoncus.proin@protonmail.couk,QVJ77XKW3YF,68
Hillary,ipsum.primis@protonmail.couk,LGU97CEU2YD,46
Jordan,at.pretium@hotmail.ca,INZ43RFX4PK,66
Lev,laoreet.posuere.enim@icloud.couk,DRM28AFW6BJ,36
Chancellor,rutrum.urna@icloud.com,QWF05WXZ3BR,32
Eve,sit.amet@aol.couk,SGJ17KVV3XE,37
Astra,scelerisque.sed@yahoo.com,DUU62ZRN3WD,57
Pamela,eu.neque@protonmail.couk,TXM55TGJ7DS,30
Lysandra,in.at@icloud.org,EBY86KIG1QP,66
Benedict,ipsum.primis@icloud.org,NQV77RVS6JE,51
Drake,pulvinar.arcu@google.net,ZXJ06NSX6QM,68
Alfreda,sagittis.felis@aol.couk,XSF10EBL1NM,62
Harrison,ultricies.ornare.elit@outlook.com,BPP11FUE7KE,37
Wing,vel.faucibus.id@aol.edu,YYG97URH4PY,66
Cassidy,arcu@protonmail.org,YMM64JBN1TY,69
Madaline,donec@protonmail.ca,JGX73MSH6HM,22
Rama,nulla.integer@aol.com,MOI16RTN2LE,63
Darrel,morbi.quis@google.org,DVK74TAI5DR,30
Eaton,in@icloud.org,VVR37BFG5OE,39
Cameron,dapibus.gravida.aliquam@aol.couk,ASM83AHO2MY,61
Gareth,ut.nisi@aol.com,DEF15MYT6GF,65
Deanna,donec@protonmail.couk,TWQ31AGC3HW,27
Katell,non.ante.bibendum@google.couk,NIB07KKF5TR,64
Maisie,amet.nulla@aol.com,IJB85VUK4VX,53
Vivian,magna.et@outlook.org,RFS27JSY5ME,52
Vernon,lacus.etiam.bibendum@protonmail.net,FID01GXT4QO,36
Adele,ipsum.porta@yahoo.couk,OSH46XYC3KM,39
Delilah,orci.in.consequat@protonmail.edu,VPR84NMG3FB,38
Marvin,dolor@google.org,EUE25HWK3OJ,69
Brady,massa.non@outlook.couk,KDJ78VRH7PX,60
Hop,magna.tellus.faucibus@yahoo.edu,SEJ66QYO1BU,61
Lysandra,nec@google.couk,WSI26MER1DP,52
Mohammad,hendrerit.a@outlook.net,REL45OGM4UC,45
Aimee,lobortis.ultrices.vivamus@google.com,VME84RUN1CB,69
Emmanuel,lorem.vehicula@google.com,BPV36GRD5MO,53
Yen,sem.mollis@outlook.edu,IDI47DDN6IF,44
Ainsley,arcu.vestibulum@hotmail.org,SSW34OTY8XP,38
Sebastian,morbi.quis@outlook.net,ZLB37NSL3LU,21
Logan,porttitor.tellus@hotmail.org,INL36RKO6TC,38
Nigel,ante.iaculis@outlook.net,WFB88CIF1LU,66
Benjamin,penatibus.et@hotmail.com,CQO93CMD8TX,21
Robert,tempus.mauris.erat@protonmail.com,DNU83SJI9BS,41
India,eu.euismod@google.edu,TSK72PUV5LQ,42
Juliet,eu.dui@google.ca,TKP39YGK9SF,42
Bree,iaculis.lacus@aol.com,FPE36ILG9ZU,69
Laith,at.augue@icloud.com,RRM61SFB7PD,36
Sarah,semper.auctor@icloud.com,FSG43VTI7WH,33
Kenneth,risus@icloud.com,LJF87MMG7HS,40
Flynn,nunc@protonmail.couk,XPC68DLO5SO,29
Jolie,lectus.cum.sociis@hotmail.edu,MHT31OOY4XL,42
Hayley,in@google.edu,LGJ67OUC1WP,38
Ramona,ipsum.dolor.sit@google.com,USJ47AII7SV,49
Hedda,nec.luctus.felis@protonmail.ca,HBY53PVC2HK,58
Ramona,ac@outlook.edu,WLO55RKF4XD,24
Alvin,adipiscing@protonmail.net,KYR10YNR0RS,70
Wyatt,ut.ipsum@yahoo.com,FCO48JXQ4PL,55
Tanisha,sit.amet@hotmail.net,CNN98EHN9DG,67
Lani,quis.lectus.nullam@google.com,FUR64JMO3DS,57
Maryam,sodales.elit.erat@yahoo.ca,KDO39WSS1CC,33
Gavin,urna.nec@outlook.edu,ATV22IXU3VT,42
Xander,aenean.eget.metus@yahoo.couk,FPX28CWQ2JU,35
Colorado,sed@yahoo.ca,WDC61UML2DZ,50
Octavia,fringilla.purus@aol.couk,LAF19DEG4RM,62
Marcia,fusce.aliquam@hotmail.com,WYN76JOQ9JO,63
Cairo,at@yahoo.ca,FSO52DPS3JG,56
Solomon,maecenas.malesuada@hotmail.org,QOY75PTD8PD,30
Hakeem,dictum.sapien@google.org,ORZ55MCJ8MM,45
Cooper,sem@yahoo.com,JEN98PEP6DN,46
Armand,cubilia.curae.donec@google.org,WGR61FNC9IY,52
Cadman,nec@hotmail.org,OBC44ZBN8XD,51
Stephen,nulla@google.edu,FUG10FQW5AN,65
Kaye,tincidunt.neque.vitae@yahoo.ca,RVN47BVC8HB,42
Karleigh,rutrum.justo@outlook.net,QFW64VDF6IK,61
Neville,ornare.lectus@hotmail.com,VNL38HXW0RW,41
Kenyon,non.leo.vivamus@protonmail.org,QDG75EWL5NX,65
Echo,nascetur.ridiculus.mus@hotmail.ca,RDY77VKE8BY,26
Keith,tellus.suspendisse@protonmail.com,KOO33GJV7KT,22
Ian,ac@outlook.net,NNU24UFI8SB,66
Judah,est.mauris.rhoncus@outlook.net,DGD88XQW6MA,38
Dorian,ultricies.sem.magna@icloud.com,IOO54RYD5SE,66
Kasimir,augue.id.ante@hotmail.edu,EWD99ZYP7TF,55
Whilemina,lorem@icloud.edu,EOJ92QLW8PD,59
Lucius,molestie@yahoo.org,XYP75QSJ5JR,66
Cally,mi.ac@outlook.org,RBJ62GGH2JC,47
Cassidy,donec@hotmail.org,HCG55XLS9GP,39
Erin,eleifend.nec@google.org,NXC16MGS8AB,21
Ria,suspendisse.dui@icloud.com,ENQ13RFW0VN,49
Oren,lectus.rutrum@outlook.edu,TLB83VME0IF,38
Jonas,nec.mauris@google.couk,SCH21LLG9QX,34
Dorian,turpis.non.enim@yahoo.net,UGC81KFY0KA,49
Iona,ut.ipsum@google.org,EKF14FXT6XK,38
Phyllis,ligula.aenean.euismod@icloud.net,HDL73KHT7ST,52
Holmes,pede.suspendisse.dui@icloud.edu,GVL55AVG8BR,43
Phillip,aliquam.adipiscing@aol.couk,GVJ55MVW2KX,30
Judah,lacinia.sed@outlook.couk,QQH21KMO1MJ,64
Benjamin,lobortis.quam@outlook.net,WXG36AGU4OC,57
Addison,mus.aenean@protonmail.couk,XRG47IHJ6TQ,48
Echo,adipiscing.mauris@yahoo.com,MBN53MNS8RT,68
Tyrone,sed.dolor@aol.org,NUB58SHW1YV,27
Clark,purus.accumsan@google.edu,KWU55GBQ6JD,27
Palmer,est@aol.edu,CQG54QFD0IN,61
Melinda,augue.porttitor@icloud.net,VBU88GVE5JD,42
Fiona,non.lacinia.at@protonmail.org,WAM48XOT1GM,41
Eleanor,tellus@hotmail.edu,KZV38FIM2RM,68
Janna,lacus.aliquam@google.ca,SXK69CXL2XQ,59
Keegan,nunc.sed.libero@google.org,BVM35MCU6FU,69
Nathaniel,sed.facilisis@aol.couk,SPC57GKJ3DX,59
Quon,justo.faucibus.lectus@google.org,ZCF43KQS7ZL,43
Amena,pede.suspendisse.dui@outlook.net,GLG33HGC8QL,53
Teegan,eu.placerat.eget@icloud.ca,RIC33BOK2DO,24
Gay,eget.magna.suspendisse@yahoo.edu,HOI24RND3OQ,39
Cairo,lorem.lorem@hotmail.ca,RYT45PTS8QF,63
Daria,dui.quis.accumsan@icloud.net,XOE44DPU8BK,55
Leila,nulla@aol.com,SFZ51SCA9KP,67
Kasimir,semper.dui@google.net,RWE02MXO0MQ,29
Renee,nunc.sed@outlook.net,RPY40ISQ5HN,57
Laurel,fusce.aliquet.magna@outlook.edu,YGT17QVD8LZ,50
Brett,phasellus.nulla@yahoo.ca,HZC61BGB6PF,66
Walter,mollis.vitae.posuere@icloud.org,HTZ46UQM2JU,41
Ciara,dictum.proin@protonmail.org,FQF05MVN1QI,39
Nathan,sodales.nisi@protonmail.net,CUL35HXG6HO,25
Kasimir,odio@hotmail.com,NRQ97VGP0BB,41
Hiroko,magna.duis@hotmail.net,SSG65VGD7VQ,38
Geoffrey,nisi.sem@google.ca,UJS57XNU8XR,39
Keiko,tempor.bibendum@yahoo.edu,RAY81ZDI0MQ,31
Ira,et.libero@aol.com,AYJ44GUO8OY,35
Alexis,fringilla@protonmail.edu,WDY22ERB1MB,68
Jerome,convallis.in@icloud.ca,GTS48QWW2WO,56
Hamilton,cursus.vestibulum@icloud.org,BVW61JXX4HT,47
Micah,cras.pellentesque@hotmail.org,DHO76PFH5TH,23
Thaddeus,ut@google.net,OEX25ZQF4LV,54
Sawyer,orci@google.couk,NOB55XQK7CO,46
Lane,gravida.sagittis.duis@yahoo.org,LLZ26YYZ5HU,20
Aimee,sagittis.semper@yahoo.couk,MDC98JNT5LA,26
Molly,mauris.non.dui@aol.org,VCD18BTV9MB,47
Cooper,ipsum.primis.in@yahoo.org,MKB95EJK1QV,23
Rose,nulla@outlook.org,KIK63PZJ6RU,56
Tanya,enim@hotmail.org,OSD27DWB0GW,37
Audra,aliquam.auctor@yahoo.ca,HWV05OLO6HY,60
Hannah,ut@google.net,PQY88BUG5OT,57
Sybill,auctor.nunc@icloud.org,XGF53BOI7TM,31
Urielle,eu.ultrices@hotmail.couk,AYO26QGF4IE,59
Chelsea,libero.mauris@hotmail.net,ASB61YDI1SD,65
Fredericka,rutrum.justo@icloud.edu,WKJ99SLA3UC,35
Kibo,adipiscing.lacus@icloud.ca,ZWL27SCG1GL,60
Kasimir,libero@google.couk,YKH84LGO1CJ,69
Celeste,vulputate.lacus@yahoo.couk,PMB33FSE7KO,41
Ishmael,orci@protonmail.org,WFG03YYV1IH,45
Baxter,tellus.eu@yahoo.ca,ZDP75CDB4UP,25
Kennedy,diam@protonmail.couk,OIU55UFP9PE,41
Bree,a@yahoo.net,VVK15KJQ4GI,22
Mia,vel.turpis@protonmail.edu,VHN37NPA2IS,48
Graiden,aliquam.adipiscing.lacus@outlook.com,JAT16QKY5BP,68
Kiayada,erat.semper.rutrum@outlook.edu,UWC58QLL2QS,34
Burke,magna.et@icloud.couk,VPU14UIK0NC,28
Seth,vel.mauris.integer@outlook.couk,GTW78LTR4CZ,64
Ian,malesuada.fames@aol.net,IXU18HAV4VK,48
Hu,aliquam.adipiscing@outlook.ca,EJY72CBM5OU,63
Bianca,augue@icloud.couk,LIH53NLN6XY,64
Jena,est.nunc@google.ca,IVO32LRC0LU,45
Lane,dui.semper@outlook.couk,UFP61ROC5XL,49
Sawyer,molestie@protonmail.ca,OBX46MGU8DQ,28
Zahir,duis@icloud.edu,JSB72FHM3DE,44
Jillian,elit.erat@protonmail.edu,TPF94HTF1QY,61
Joshua,aliquet.libero.integer@icloud.ca,YDO85LUV2UG,35
Amos,dui@outlook.edu,VBO58AJI2KK,63
Jared,ipsum.donec.sollicitudin@icloud.ca,GJK07RGF2EX,49
Joel,feugiat.lorem.ipsum@protonmail.com,QDR68NZF7VD,29
Donovan,tempor.bibendum@aol.edu,EKW12MHH5VL,37
Glenna,pede@outlook.org,UWR21DBN1XM,33
Zane,nec.quam@icloud.edu,URP03TLX5EI,39
Sharon,nunc.nulla@outlook.couk,DVI83RYS3AK,70
Vance,sit.amet.nulla@protonmail.net,HMX13PRY1GC,26
Lyle,auctor.mauris@icloud.com,KEN21TVK4YV,65
Samantha,tortor.nunc@yahoo.couk,TLD98XRR8CQ,25
Christian,tristique@icloud.edu,VMK61MOU6IP,28
Forrest,cubilia.curae@protonmail.org,PLJ75RMT9HS,69
Kadeem,tincidunt.neque@outlook.org,VXB08REV2ED,38
Lydia,integer@icloud.org,RKP43OBF1PQ,53
Yuri,ultrices.iaculis@icloud.org,NLI56BHO4EH,49
Lesley,parturient.montes@icloud.edu,QYC57EWS2MH,25
Jason,mus@outlook.com,CMK13KHW1LF,25
Idona,morbi@google.edu,YAV02DBC6IZ,60
Melyssa,faucibus.orci@outlook.edu,DHL08SXD9DF,66
Carson,lorem@outlook.com,RSQ08LEG7TN,46
Russell,facilisis.suspendisse@protonmail.net,FCC11FXQ1LH,60
Flynn,turpis@protonmail.couk,GZB49LRB7GH,38
Cain,risus@google.couk,BHX41UYN5PP,53
Hayfa,aliquet.lobortis.nisi@outlook.net,XJO40API6EM,24
Wynter,in.ornare.sagittis@google.couk,MGN42DHQ2WP,59
Alden,lectus.sit@google.com,JYN13MKU5VR,61
Chaim,pede.nec.ante@icloud.org,LCC54VYO6XL,69
Damian,purus.gravida@hotmail.com,SOP13VBS6GO,33
Amos,et.ultrices.posuere@yahoo.org,XPB81CDU2MJ,60
Charles,at.sem@yahoo.edu,HSP63ZVR1TH,36
Lyle,libero.nec@protonmail.com,HVL47TBS6EJ,46
Kelly,cras.interdum.nunc@protonmail.com,BSV27ILJ1XF,22
Elijah,quis.tristique.ac@google.org,WMU23MJP3VO,44
Salvador,lobortis.augue.scelerisque@outlook.org,RPX78XVB4QR,68
Lunea,in@outlook.couk,IHG37JTI4ZN,48
Iris,imperdiet.dictum@aol.couk,WQE56XUP4CJ,40
Vivien,arcu.vestibulum@hotmail.org,RYS63QHQ8BP,50
Clark,justo.eu@outlook.com,SWE57OVO1NN,20
Giselle,cras@protonmail.ca,POQ68MNE2EF,60
Brynn,quis@outlook.net,CHV42XGY1PM,61
Constance,gravida.sagittis.duis@outlook.org,NFV27MHE0JS,45
Cassandra,lorem.fringilla.ornare@google.edu,LTH12HMA7VD,66
Risa,dolor.sit@hotmail.ca,RTF10CEL8OW,53
Yardley,rutrum.urna.nec@hotmail.net,XJW13MAB4DT,23
Chase,dictum.mi@hotmail.org,MAM64JVP4FY,61
Allegra,neque@aol.couk,FYU51VOP4FL,50
Lilah,a.ultricies.adipiscing@protonmail.ca,JHK70EXR5HU,26
Lilah,neque.vitae@google.couk,MAB92YXC0HZ,39
Mallory,morbi.metus.vivamus@hotmail.couk,GQK58FQT0XT,38
Arsenio,non.justo@outlook.com,QSH10FVC8TV,42
Phelan,quis@yahoo.org,CPT73KOF8AJ,52
Iona,mauris.vel@yahoo.net,OQK02QJK7PX,27
Alana,eget.varius@google.edu,MAR38JJY9CG,46
Dorian,felis.adipiscing.fringilla@yahoo.couk,OWT63LSB7VU,47
Zoe,sem.mollis.dui@yahoo.ca,CPA86SFU3NL,48
Adrienne,nunc.quisque@google.edu,GXC27GUM1RV,48
Charles,malesuada@protonmail.couk,YFI75JEW2IG,25
Cheyenne,lorem@icloud.com,EVI57JKX3RX,54
Howard,mi@icloud.ca,IVT60SWZ2GU,68
David,justo.nec@hotmail.ca,TYL20WQM3SJ,29
Brady,nec.imperdiet@google.ca,ZFQ60SXS5FA,70
Joel,phasellus.nulla@hotmail.ca,FGY28VCU8DQ,27
Tana,at.augue.id@outlook.com,LBJ82RLZ3GU,28
Zelda,non.lorem@hotmail.edu,UNZ09QHV8BU,51
Fatima,nec.mauris.blandit@yahoo.com,IVR17RGO1GV,60
Hiroko,ut@aol.net,RAW67TZF5WX,67
Orlando,risus.donec@yahoo.ca,JGQ67TCJ8BU,55
Harrison,mauris.magna@yahoo.org,IPI13KNR2RK,26
Jin,id.nunc@yahoo.net,FDI49CZF7EW,70
Rhea,facilisis.non.bibendum@yahoo.org,OUP60VLH6FQ,47
Urielle,dictum.phasellus@hotmail.couk,XFO71KQJ9XI,42
Ulric,ut.sem@yahoo.org,KFT94KCO5GY,62
Nero,adipiscing.fringilla@google.edu,VJD92SXP1JU,25
Karina,erat.vel.pede@google.couk,QVY41YYQ4FY,60
Sonia,condimentum.donec@yahoo.ca,RTX20PKM6NB,40
Kuame,sed.dui@google.org,EPS42SEF6MK,67
Irma,sit.amet.massa@hotmail.edu,MNK73OLS6XE,66
Brynne,nisi.magna.sed@protonmail.ca,BTN83ETG3ZJ,28
Quentin,aliquam@hotmail.couk,BIH98URP2FQ,53
Vernon,cursus.vestibulum@icloud.ca,XWT39FMN1BE,68
Rae,convallis.est@outlook.edu,XFD71XOV4YY,25
Vincent,leo@yahoo.ca,XCA22JMU7FY,32
Oliver,phasellus@outlook.couk,VCJ22SFU1OA,32
Clinton,magna.cras@protonmail.edu,LBN52ULU8RO,64
Elaine,scelerisque.sed@aol.couk,IWU45RQC8ES,49
Noelani,libero.mauris.aliquam@google.org,NGO61PUY0TV,32
Theodore,est.arcu.ac@yahoo.net,ISU51LJD9LT,61
Ivory,sapien.molestie.orci@hotmail.ca,VPG70JBS9AL,40
Jack,tempus.risus.donec@outlook.edu,GNO83PWY3ML,68
Leroy,neque.venenatis.lacus@outlook.net,PFD71LVQ8DO,66
Gloria,eget.tincidunt.dui@outlook.net,DIS10FDT6QU,58
Amir,nunc.quisque@protonmail.ca,PSY40ZPV4LB,51
Angelica,a.aliquet.vel@google.com,EMR22QPV9DD,35
Oscar,cursus.diam.at@hotmail.net,BAR73DYE0BN,31
Hayes,mi@aol.ca,YCC49CKX1XJ,45
Honorato,nulla.eu@aol.couk,FRH84RIC8LR,66
Wanda,iaculis.nec@protonmail.edu,MCX57ZLT6YL,39
Uta,mollis.duis@google.ca,TGW71OPB5SO,21
Isabelle,risus@google.net,FCC41UPE7MB,60
Daniel,lacus.etiam.bibendum@hotmail.ca,GYS72XMB2XT,61
Dylan,facilisis.magna@protonmail.com,HFE68KJM3SA,36
Todd,fringilla.cursus@icloud.couk,FEZ70PIP4NW,51
Benjamin,in.consequat.enim@yahoo.org,HMR46UAZ6EB,54
Nathan,amet.consectetuer.adipiscing@yahoo.ca,WKE42YZB2SO,33
Elliott,eget.ipsum@aol.couk,MZN33EWF1OX,58
Mara,placerat.eget@outlook.net,SKP83HCX8MQ,24
Sheila,egestas.ligula.nullam@protonmail.ca,KYB31EOV2KO,69
Theodore,facilisis.facilisis@aol.ca,RLI14SGB9RG,40
Tate,metus.aliquam@google.edu,QNE72CAE5YM,64
Giacomo,et.magnis@hotmail.ca,EUB11LAC2RC,68
Kamal,lacus@aol.ca,COZ64UVB6FS,46
Chaney,scelerisque.lorem@outlook.net,ODU40HSM8CN,68
Inez,venenatis@protonmail.ca,CCH38WJF8GG,64
Acton,magnis.dis.parturient@outlook.com,VVS11DIV5IK,48
Ralph,orci.ut@hotmail.net,FKQ76LEK8FI,68
Chaim,nulla.magna@aol.net,GMH68MSH8YV,55
Lois,risus@outlook.ca,UKR66GDD5GH,68
Blake,non.dapibus.rutrum@hotmail.edu,TNI88EQE4CE,59
Ulysses,sapien@hotmail.com,SLU43JSF8ZQ,65
Tallulah,sem.pellentesque.ut@icloud.com,SWB56IOV4VM,66
Grady,justo.sit@yahoo.edu,YVP92ACH8JW,54
Perry,iaculis@protonmail.edu,NLM36HIP5BB,27
Lee,porta.elit@hotmail.ca,KXD23DPD2PG,46
Kenyon,tristique@outlook.couk,MFA06BER4XT,21
Mira,nec@icloud.couk,WHK24BBZ1SV,29
Herrod,magnis.dis@hotmail.com,DTL95KFM4GL,49
Vivian,mattis.velit@outlook.ca,YOB59FQI0EJ,54
Neil,enim@icloud.edu,HTM86HSW6JQ,59
Demetria,non.arcu@protonmail.couk,JKD23IPB4DM,58
Ivana,integer.id@icloud.org,ZQI72RLG0KB,65
Geraldine,hendrerit.consectetuer.cursus@hotmail.edu,MJN54QJW1HC,49
Calvin,feugiat.metus.sit@yahoo.couk,FCE54KVG7BV,69
Maxine,nonummy@aol.net,UXI48NBP7FF,47
Ross,mi@outlook.net,QLG27FQQ1KQ,54
Bert,in.condimentum.donec@icloud.couk,XSM71XLL3EG,34
Perry,vestibulum.lorem.sit@google.net,AJG47GVI2DU,44
Marsden,ac.risus@google.net,MYZ15BTM6YO,43
Tana,sed.et@google.org,DYO75GHC1JU,60
Malcolm,curabitur@outlook.couk,LRQ32OAQ6SL,40
MacKenzie,lectus.cum@aol.couk,RGV47AMC5MA,24
Stephen,enim@icloud.com,NEG86HRI5QE,41
Althea,non.enim.commodo@google.ca,KWG87CXD4IO,24
Xena,risus.quisque.libero@outlook.com,XFN74FBT8KR,33
Kaitlin,nunc.risus.varius@hotmail.ca,FME77XKS7WY,40
Hayden,et.magnis@protonmail.couk,CIG14TVX5OI,29
Zephania,ligula.eu.enim@google.com,GAR41YPO5EP,59
Rinah,et@aol.net,OWV34YFL7NU,60
Sheila,felis.orci@hotmail.ca,FBJ12CYX2PP,53
Paula,commodo.auctor@yahoo.net,HIE86BDE2NI,36
Rhea,egestas.aliquam@outlook.org,QIG56RWE9GA,38
Daniel,ante.blandit@aol.org,IUT47QCD3EW,70
Quinlan,dui.augue.eu@protonmail.edu,TRO56GUH6IE,24
Christen,lectus.a@google.couk,VGR64UJX3DC,42
Emi,aliquam.eu@icloud.ca,SMU91LTJ4PK,63
Channing,tortor.dictum.eu@hotmail.net,VFR27MFR3DP,64
Lamar,sem.ut@icloud.net,VHD88HNM1UB,45
Risa,pellentesque.ultricies.dignissim@google.com,JLA79RQC6WC,69
Sierra,proin.vel.arcu@icloud.edu,VDV52EPM4KM,31
Cade,sociis.natoque@aol.couk,IGO84GEA0DD,62
Fulton,nec.quam@hotmail.couk,VUR35CDQ6ZM,68
Maxine,nisi.a@hotmail.couk,CLX67OLO6UD,54
Ezra,habitant.morbi@aol.org,GKI42CWB3QL,68
Ross,eget.ipsum@yahoo.edu,TID53RYX4IH,28
Heidi,mus@google.edu,CDV57CET4CU,36
Ivan,dolor.elit@aol.ca,BQK63XLZ9NJ,68
Beck,at.nisi@protonmail.com,MIK73VTN8QF,47
Ahmed,sit.amet@google.net,ORO48VQN0VQ,63
Pearl,volutpat.nulla@hotmail.ca,SFJ51UMO7SN,23
Quynn,quis.diam@icloud.couk,VUH26UFL1UZ,41
Malachi,vel.convallis@hotmail.ca,XXX27EVY9CL,37
Isaac,sed@outlook.org,RXF82HPF5TQ,28
Bianca,imperdiet.non.vestibulum@yahoo.edu,FQX23WTL7QP,47
Ulric,turpis.in.condimentum@google.edu,XBS20HNO5MF,53
Jessica,tortor@yahoo.couk,SGQ62LRK7FT,55
April,tempor@yahoo.com,BHZ86XOB5WC,70
Zane,rutrum.fusce@yahoo.edu,ZSK62TED5US,46
Yuli,molestie@yahoo.org,ZSU83EXE3QK,58
Eagan,integer.vulputate@aol.com,NOY84CIA0RJ,36
Micah,nisi@aol.org,HDA03VHI0KC,68
Adrian,cras.sed@yahoo.couk,EKG57YFO6ME,48
Charlotte,convallis@icloud.net,WMB35DIL3SW,67
Uriel,sed@google.edu,PXM72GIM1XP,42
Gail,nunc@google.org,FDB87NBD5LJ,36
Scarlett,augue.eu@protonmail.org,VIT48RON4OE,68
Jelani,lectus.ante@outlook.ca,XJS17ODT7GG,54
Winter,purus.sapien@protonmail.net,XYV57VFL4RV,48
Belle,ligula.elit@google.edu,BST85ZVD6KG,41
Molly,at.pretium@hotmail.ca,XQF63JKS1OD,26
Nash,donec.sollicitudin@aol.edu,FVF73VHO5ON,62
Lucian,et.arcu@yahoo.ca,BAW57QUC2YB,35
Jamal,luctus.vulputate@outlook.org,KNC01VCN9GG,20
Acton,sagittis.augue@protonmail.ca,ILH15DBI7LX,60
Cynthia,curabitur@aol.net,YWP76ICH4DI,67
Callie,in.aliquet@yahoo.couk,MXI48HMN5WV,64
Owen,neque@outlook.edu,QEQ27ISD3TM,29
Jenette,nunc.interdum.feugiat@protonmail.org,KBR37RFO4BU,70
Adrian,molestie.tortor.nibh@google.couk,GOH22CQK6YU,25
Roanna,duis.dignissim@hotmail.org,WOI87RQN7HB,68
Lee,aenean@icloud.edu,SQZ58DDQ7HL,32
Elvis,cras.convallis@aol.org,MZG48NFX5KS,35
Libby,augue@hotmail.ca,WWO61SFP4BM,51
Derek,gravida@protonmail.ca,PMV20DPV4UV,52
Damon,nibh.aliquam.ornare@protonmail.org,WCE46JOA2UW,28
Quon,egestas.a@protonmail.edu,BDI22SGL4DO,53
Caldwell,fermentum.convallis.ligula@yahoo.org,LFS99ADX5UV,55
Samantha,dolor.dolor@protonmail.com,DGK32TMF0QC,54
Brandon,ac.urna.ut@icloud.couk,GOQ17FOF3LN,41
Denise,ante.vivamus@aol.ca,NLP41FER5HY,67
Quamar,posuere.cubilia@hotmail.ca,SYW23VPG1IJ,27
Judah,cras.dolor@aol.couk,TYR58DXC3PV,57
Iola,sem@icloud.edu,QUN85SVV8HD,49
Jessica,lorem.vehicula.et@protonmail.com,RVC09PJT8SY,21
Troy,feugiat.metus.sit@aol.com,WAN61IVK1PN,65
